id,firstName,lastName,birthdate
1,Stone,Barrett,1964-10-19 14:11:03
2,Raymond,Pace,1977-12-11 21:44:30
3,Armando,Logan,1986-12-25 11:54:28
4,Latifah,Barnett,1959-07-24 06:00:16
5,Cassandra,Moses,1956-09-14 06:49:28
6,Audra,Hopkins,1984-08-30 04:18:10
7,Upton,Morrow,1973-02-04 05:26:05
8,Melodie,Velasquez,1953-04-26 11:16:26
9,Sybill,Nolan,1951-06-24 14:56:51
10,Glenna,Little,1953-08-27 13:15:08
11,Ingrid,Jackson,1957-09-05 21:36:47
12,Duncan,Castaneda,1979-01-21 18:31:27
13,Xaviera,Gillespie,1965-07-18 15:05:22
14,Rhoda,Lancaster,1990-09-11 15:52:54
15,Fatima,Combs,1979-06-01 06:58:54
16,Merrill,Hopkins,1990-07-02 17:36:35
17,Felicia,Vinson,1959-12-19 20:23:12
18,Hanae,Harvey,1984-12-27 10:36:49
19,Ramona,Acosta,1962-06-23 20:03:40
20,Katelyn,Hammond,1988-11-12 19:05:13
21,Rosalyn,Simon,1982-02-25 09:30:10
22,Alea,Barron,1959-06-23 05:10:26
23,Raymond,Knox,1979-07-16 19:41:45
24,Hu,Franks,1988-12-17 15:30:12
25,Damon,Holman,1964-01-29 01:08:09
26,Ori,Nunez,1958-06-05 16:18:36
27,Sasha,Carey,1976-01-12 22:22:48
28,Sarah,Mullins,1986-11-20 04:25:19
29,Hammett,Buck,1982-06-01 10:46:06
30,Melissa,Parrish,1963-08-14 09:17:07
31,Daquan,Craig,1977-06-17 22:11:05
32,Keane,Rose,1958-09-23 07:34:00
33,Erich,Joyce,1974-10-27 05:59:08
34,Iliana,Atkinson,1967-01-28 16:12:45
35,Dawn,Fulton,1960-07-30 21:30:51
36,Anjolie,Gay,1972-02-17 17:51:22
37,Tanya,Crosby,1971-09-04 15:04:50
38,Dacey,Hinton,1989-07-26 12:19:37
39,Carl,Monroe,1957-10-12 00:15:06
40,Derek,Bush,1973-02-27 10:37:04
41,Lucian,Shannon,1954-06-29 18:27:13
42,Jorden,Gilliam,1989-06-25 04:19:23
43,Arden,Buckner,1976-01-21 03:48:16
44,Kenneth,Marquez,1954-07-30 04:41:12
45,Kitra,Becker,1952-07-26 19:03:51
46,Jin,Greer,1978-11-03 18:16:18
47,Jaden,Suarez,1956-02-29 06:45:43
48,Sylvia,Nielsen,1978-07-16 04:40:35
49,Mona,Osborn,1968-04-17 09:18:57
50,Lyle,Lawson,1976-05-06 21:51:44
51,Asher,Frazier,1958-11-17 05:06:45
52,Brynne,Mcdonald,1977-12-24 23:08:23
53,Ahmed,Holt,1970-09-07 12:19:58
54,Iola,Thornton,1961-04-23 21:57:28
55,Quynn,Villarreal,1972-07-21 21:12:55
56,Althea,Black,1982-07-03 15:01:48
57,Elmo,Rowland,1979-07-25 17:15:35
58,Remedios,Pollard,1962-07-03 12:36:42
59,Kaitlin,Trujillo,1985-01-17 22:26:35
60,Stewart,Frederick,1979-04-20 11:40:15
61,Blythe,Payne,1974-08-20 13:59:56
62,Nyssa,Chang,1975-05-27 20:02:43
63,Mariam,Sanders,1985-03-26 14:43:18
64,Orson,Mendez,1961-02-19 08:35:13
65,Marshall,Kidd,1980-05-06 04:26:29
66,Giacomo,Tate,1980-12-12 22:58:32
67,Mollie,Gilliam,1966-02-21 03:27:52
68,Holly,Paul,1966-11-12 10:26:34
69,Dominic,Harmon,1976-12-16 02:33:39
70,Rooney,Hopper,1956-06-21 23:05:16
71,Shay,Craft,1959-12-18 11:54:04
72,Nicholas,Melendez,1962-03-02 06:52:46
73,Addison,Kaufman,1985-07-11 23:35:08
74,Anastasia,Frederick,1955-06-05 11:14:18
75,Mary,Benson,1956-03-24 07:08:49
76,Garrett,Conner,1955-11-30 00:08:16
77,Kendall,Fitzgerald,1954-08-13 21:41:49
78,Juliet,Montoya,1964-11-01 05:08:32
79,Olivia,Marsh,1975-10-09 23:14:36
80,Daquan,Bennett,1956-12-25 22:39:03
81,Leroy,Sandoval,1963-02-08 04:45:16
82,Sonia,Figueroa,1976-01-17 18:33:14
83,Emerald,Baxter,1978-05-04 05:52:57
84,Reed,Cobb,1974-08-21 10:54:31
85,Bertha,Lowe,1952-09-23 02:59:40
86,Dennis,Wright,1986-12-27 22:56:13
87,Declan,Buck,1989-02-25 00:52:00
88,Latifah,Richardson,1952-03-27 18:58:36
89,Rashad,Curry,1986-04-19 05:55:16
90,Carl,Cochran,1983-01-13 00:11:10
91,Levi,Mack,1974-07-24 17:26:16
92,Ella,Mooney,1988-06-16 14:05:15
93,Dara,Anthony,1980-08-13 05:14:39
94,Benedict,Paul,1977-09-24 16:23:31
95,Benjamin,Booker,1962-08-10 22:39:30
96,Pandora,Lee,1986-05-16 04:25:14
97,Hall,Hester,1956-07-18 13:50:48
98,Piper,Marks,1964-09-10 19:19:48
99,Rafael,Roman,1962-01-24 22:13:42
100,Alfonso,Flores,1968-04-22 20:35:06
101,Kyra,Macias,1981-04-03 17:30:03
102,Erica,Berger,1965-07-19 18:21:57
103,Kaitlin,Ellis,1961-05-24 13:00:38
104,Sonya,Nelson,1970-06-27 15:10:05
105,Graiden,Wynn,1965-06-12 16:43:16
106,Amethyst,Nunez,1952-11-20 00:01:49
107,Justine,Carlson,1982-12-16 00:26:53
108,Dennis,Molina,1980-12-15 08:16:08
109,Adena,Rosales,1986-11-06 14:38:10
110,Burke,Morrison,1989-05-09 01:05:00
111,Macon,Galloway,1960-01-29 00:46:28
112,Todd,Greer,1952-09-29 10:48:45
113,Aretha,Norton,1972-06-13 09:20:58
114,Zephania,Cortez,1969-05-22 11:45:59
115,Ishmael,Wolfe,1978-12-28 16:16:59
116,Todd,Day,1953-10-12 20:13:00
117,Gareth,Mckay,1970-02-21 23:30:54
118,Amir,Vargas,1951-07-13 13:44:11
119,Darius,Baker,1954-11-26 23:32:23
120,Rajah,Wise,1960-05-07 08:38:16
121,Avram,Walsh,1976-07-05 17:49:08
122,Hilel,Nieves,1952-04-11 06:09:28
123,Veda,Higgins,1953-05-19 07:10:46
124,Armando,Tran,1987-11-13 14:59:36
125,Nichole,Rowe,1961-07-21 10:02:48
126,Zephr,Warren,1985-05-20 20:01:19
127,Clayton,Thompson,1980-11-09 03:05:25
128,Clark,Underwood,1982-11-15 01:53:07
129,Daniel,Swanson,1952-09-20 00:02:44
130,Kathleen,Shannon,1962-05-30 05:22:58
131,Priscilla,Martin,1952-10-28 21:23:10
132,Skyler,Adkins,1955-06-14 16:35:00
133,Erica,Logan,1955-11-03 17:55:53
134,Damon,Wells,1988-07-19 10:16:20
135,Macaulay,Odonnell,1971-05-21 23:55:52
136,Ruby,Wilcox,1956-04-09 07:47:36
137,Hannah,Leach,1990-08-13 09:14:19
138,Mia,Downs,1988-06-09 14:55:45
139,Erasmus,Arnold,1957-10-08 23:44:56
140,Ivor,Ellis,1987-12-08 02:57:24
141,Ulla,Warren,1956-01-28 18:06:57
142,Meredith,Mcpherson,1956-03-29 01:00:41
143,Sebastian,Raymond,1967-02-13 04:45:27
144,Harrison,Rich,1983-03-14 00:18:16
145,Carissa,Huff,1953-06-21 07:58:10
146,Hedy,Campbell,1957-04-25 09:37:13
147,Dale,Conway,1976-07-06 04:31:00
148,Stella,Lloyd,1961-08-08 00:18:03
149,Jaden,Fisher,1958-05-25 11:37:28
150,Graham,Hess,1981-08-21 15:21:00
151,Stella,Joyce,1987-09-09 11:09:37
152,Aurora,Bridges,1959-08-06 13:10:04
153,Joelle,Church,1951-11-16 22:32:33
154,Ann,Preston,1989-12-08 07:15:43
155,Yuri,Crawford,1961-07-21 11:52:57
156,Tyler,Gibbs,1967-07-27 02:18:40
157,Lila,Middleton,1985-01-25 11:53:03
158,Victor,Flynn,1990-04-11 11:20:05
159,Oprah,Marquez,1987-10-31 00:31:23
160,Ethan,Carey,1977-05-13 10:58:23
161,Price,Cervantes,1976-02-02 09:18:28
162,Elliott,Richmond,1986-01-29 09:33:37
163,Gregory,Taylor,1981-07-18 12:50:32
164,Dakota,Copeland,1962-11-13 16:22:40
165,Cody,Guzman,1975-12-16 16:50:10
166,Arden,Bass,1961-09-05 21:53:30
167,Aristotle,Montoya,1983-10-05 16:50:44
168,Vladimir,Ewing,1966-04-28 09:16:34
169,Laura,Murray,1989-06-02 02:46:39
170,Eliana,Mcgee,1974-07-12 10:08:29
171,Tanisha,Obrien,1959-03-15 12:59:26
172,Jackson,Mayo,1987-09-11 06:56:22
173,Maxwell,Sargent,1959-09-06 14:31:06
174,Teagan,Kent,1967-03-17 19:03:23
175,Lev,Hernandez,1957-04-26 23:12:26
176,Lars,Carr,1953-11-01 07:29:53
177,Wang,Koch,1979-03-27 12:19:23
178,Rigel,Edwards,1974-08-20 01:55:03
179,Olga,Flores,1967-06-13 04:07:08
180,Laura,Owen,1953-11-20 04:34:25
181,Scott,Bridges,1982-09-10 19:45:43
182,Bevis,Gentry,1961-09-19 02:09:10
183,Colleen,Frye,1973-04-07 12:54:19
184,Kendall,Hopper,1977-12-28 18:49:26
185,Uriah,Kennedy,1955-07-17 17:19:34
186,Ishmael,Ford,1980-01-06 05:52:44
187,Graiden,Hall,1988-10-28 06:10:37
188,Galvin,Nunez,1968-04-29 11:29:12
189,Zena,Shepherd,1983-10-03 17:53:18
190,Azalia,Preston,1964-07-04 10:48:18
191,Lila,Robinson,1982-10-08 12:26:17
192,Garth,Fuentes,1988-08-13 18:07:09
193,Emery,Kim,1967-06-17 05:39:46
194,Shea,Bean,1990-01-03 05:46:30
195,Logan,Mcclure,1967-10-16 08:22:50
196,Olympia,Espinoza,1967-05-17 11:39:32
197,Louis,William,1967-06-08 00:04:19
198,Dylan,Fulton,1962-05-30 13:48:38
199,Raphael,Armstrong,1956-11-26 21:32:17
200,Zoe,Nelson,1973-01-12 17:19:30
201,Vivian,Love,1951-10-31 08:57:08
202,Charde,Lang,1967-02-23 12:24:26
203,Jason,Powell,1963-12-08 02:21:02
204,Colleen,Terrell,1980-04-27 07:30:11
205,Cullen,Cardenas,1966-02-13 19:55:40
206,Avram,Leblanc,1977-11-09 12:33:25
207,Gray,Gentry,1970-11-25 03:25:56
208,Nehru,Brock,1966-10-13 02:42:31
209,Ulla,Stewart,1988-12-13 13:23:22
210,Azalia,Hines,1954-09-19 06:32:44
211,Chava,Frank,1972-04-10 17:09:23
212,Jamal,Coffey,1985-03-08 09:36:59
213,Abigail,Odonnell,1989-12-27 06:08:38
214,Lavinia,Hall,1976-03-23 14:34:07
215,Clark,Barrera,1975-09-15 23:24:46
216,Kennan,Donaldson,1958-07-08 17:24:49
217,Allegra,Rose,1967-10-17 15:32:47
218,Carson,Downs,1955-06-13 13:29:17
219,Carla,Owen,1968-09-04 07:54:03
220,Kenyon,Cox,1955-05-04 18:24:57
221,Brynne,Hull,1951-07-23 17:34:03
222,Yuri,Holman,1984-12-29 07:09:47
223,Lareina,Robinson,1966-03-16 11:35:29
224,Rylee,Pena,1954-10-07 01:07:22
225,Elmo,Wolfe,1976-05-27 20:34:14
226,Keith,Cash,1985-08-29 20:11:21
227,Deanna,Kelley,1955-05-28 22:38:55
228,Lane,Dickson,1951-03-11 10:33:12
229,Nicole,Avila,1964-11-29 16:03:47
230,Slade,Rodriquez,1961-07-12 20:50:48
231,Avye,Mills,1956-07-28 05:11:16
232,Colt,Calderon,1956-04-22 13:04:43
233,Jena,Mathis,1974-06-02 22:02:28
234,Uriel,Harris,1954-12-21 05:53:26
235,Keane,Hayden,1960-10-20 19:07:52
236,Leah,Peters,1951-12-10 08:56:11
237,Sydnee,Ferguson,1958-07-08 00:41:40
238,Ulysses,Reeves,1980-06-02 16:14:35
239,Sharon,Golden,1951-04-01 17:30:37
240,Frances,Sheppard,1952-01-23 22:19:35
241,Sierra,York,1952-12-11 00:22:12
242,Neve,Morin,1989-06-28 16:33:49
243,Darrel,Rowe,1952-08-12 12:23:04
244,Elliott,Gilliam,1979-05-18 05:19:54
245,Quin,Boyer,1954-10-19 09:39:00
246,September,Santana,1954-10-02 01:41:13
247,Carol,Church,1952-08-01 08:00:48
248,Edan,Wilkinson,1985-11-30 08:37:11
249,Jenna,Mcdowell,1951-10-26 01:14:30
250,Zahir,Hurley,1966-08-26 19:21:07
251,Colton,Huber,1988-08-06 19:24:53
252,Sean,Estrada,1956-01-25 03:20:08
253,Hedwig,Stokes,1954-09-24 22:21:57
254,Graiden,Mcguire,1964-01-19 12:56:12
255,Ira,Welch,1978-10-16 02:26:43
256,MacKenzie,Campos,1964-06-04 11:56:09
257,Wanda,Berry,1978-02-11 06:20:55
258,Hannah,Foreman,1986-12-15 23:08:51
259,Jessica,Hart,1990-11-27 19:22:31
260,Damon,Payne,1972-01-21 20:24:31
261,Madeline,Pitts,1974-09-30 01:16:49
262,Sybil,Walsh,1960-01-18 16:50:01
263,Scott,Allen,1983-11-29 10:45:58
264,Linda,Conley,1959-09-12 07:34:56
265,Allen,Rowe,1989-11-04 01:35:41
266,Giselle,Garrett,1988-10-05 10:35:12
267,Martha,Mack,1976-08-12 22:11:24
268,Lila,Fitzpatrick,1963-06-03 03:12:42
269,Ivana,Farley,1957-12-28 21:24:26
270,Grant,Anthony,1976-10-27 01:22:17
271,Belle,Landry,1973-08-23 13:01:49
272,Cameran,Garza,1973-05-16 13:57:24
273,Unity,Black,1986-12-24 01:47:52
274,Kaitlin,Herman,1980-05-16 00:46:17
275,Joel,Ware,1954-11-09 20:54:57
276,Brian,Wheeler,1990-03-14 23:56:23
277,Ocean,Pearson,1959-01-29 11:48:56
278,Imani,Sweeney,1963-10-26 19:36:13
279,Celeste,Spears,1952-06-03 10:34:33
280,Kirby,Barnes,1964-09-25 05:29:36
281,Rosalyn,Hart,1972-02-10 12:50:06
282,Donna,Mosley,1985-10-18 03:54:41
283,Suki,Barker,1985-02-07 17:47:22
284,Willow,Smith,1972-07-25 00:51:44
285,Leandra,Petersen,1978-06-24 10:51:52
286,Aspen,Larson,1973-09-28 00:11:08
287,Martha,Irwin,1975-10-23 19:10:44
288,Alexa,Castillo,1957-01-21 20:16:32
289,Halla,Mccoy,1966-02-08 00:21:57
290,Martena,Bryan,1987-12-29 15:29:37
291,Quynn,Jordan,1987-09-13 05:25:46
292,Quynn,Bridges,1981-09-26 14:21:19
293,Joshua,Bolton,1953-06-21 12:18:29
294,Stacey,Wynn,1971-05-13 20:01:47
295,Noble,Freeman,1978-01-07 00:27:02
296,Cyrus,Gomez,1981-09-18 09:03:13
297,Tyler,Burch,1951-01-19 19:49:06
298,Adrienne,Chapman,1962-04-04 11:31:38
299,Carissa,Mooney,1984-01-05 16:59:37
300,Christopher,Howe,1960-11-21 16:01:06
301,Clark,Gardner,1966-12-18 03:29:57
302,Dean,Cook,1968-01-04 20:14:44
303,Coby,Stevens,1953-12-19 22:21:06
304,Whitney,Terrell,1974-04-27 16:45:04
305,Yoshi,Strickland,1957-02-20 22:57:27
306,Rhoda,King,1984-09-30 00:44:28
307,Cheyenne,Avila,1953-10-13 17:24:26
308,Piper,Gray,1979-01-21 05:58:26
309,Jorden,Kirk,1983-06-15 07:05:48
310,Hilary,Robbins,1958-06-11 06:12:07
311,Zephr,Oneill,1972-10-12 19:15:46
312,Barry,Mercado,1981-05-31 03:36:41
313,April,Villarreal,1977-01-02 07:31:28
314,Kaseem,Blanchard,1955-04-22 02:56:15
315,Cathleen,Reed,1969-09-16 08:45:16
316,Mara,Maynard,1985-02-17 00:08:55
317,Nell,Jacobs,1977-08-09 17:59:36
318,Preston,Bass,1956-02-22 12:08:48
319,Mohammad,Robertson,1952-05-18 02:47:41
320,Rhiannon,Witt,1956-03-09 10:59:08
321,Bernard,Ashley,1989-09-07 05:29:50
322,Cole,Atkinson,1958-03-11 21:30:07
323,Adena,Ellis,1980-01-12 07:39:37
324,Carter,Whitley,1968-08-07 16:47:53
325,Rosalyn,Cotton,1972-06-21 07:21:34
326,Sloane,Curry,1983-01-23 01:32:41
327,Garrison,Moore,1960-02-13 21:42:41
328,Catherine,Cain,1989-01-08 10:45:59
329,Jerome,King,1976-09-28 04:54:04
330,Jared,Roberts,1960-04-24 09:06:20
331,Andrew,Mosley,1976-11-10 03:57:54
332,Xyla,Sears,1986-10-19 04:58:07
333,Nasim,Peck,1979-12-04 17:46:52
334,Walter,Fry,1961-12-31 16:02:59
335,Tatum,Blevins,1964-10-05 13:19:13
336,Elijah,Burgess,1963-03-22 00:13:52
337,Elton,Adkins,1977-04-22 12:32:34
338,Kenneth,Welch,1962-06-17 14:01:37
339,Florence,Mejia,1955-08-12 01:30:19
340,Arden,Moody,1959-08-09 16:54:11
341,Zenia,Rollins,1968-12-13 21:07:01
342,Lillith,Rosales,1970-04-22 03:59:07
343,Murphy,Glenn,1969-09-23 01:50:44
344,Caldwell,Gates,1961-12-23 10:52:31
345,Charles,Melendez,1951-01-13 15:55:05
346,Jaden,Gardner,1973-10-12 10:34:15
347,Oleg,Wilkins,1956-01-15 11:44:42
348,Charles,Mcgowan,1951-01-09 09:18:32
349,Whitney,Gould,1961-05-25 07:49:19
350,Macaulay,Rowe,1977-03-13 08:36:27
351,Sierra,Lawrence,1981-07-28 03:27:15
352,Charlotte,Townsend,1979-04-07 18:56:06
353,Lillian,Byers,1987-09-09 18:46:21
354,Ava,Randall,1988-04-16 07:39:23
355,Cally,Keller,1971-11-08 22:27:52
356,Giacomo,Britt,1970-06-10 06:07:17
357,Gabriel,Warner,1969-12-05 09:06:56
358,Solomon,Foreman,1979-08-19 13:04:18
359,Hermione,Gallagher,1958-04-22 14:27:23
360,Phoebe,Hinton,1985-07-15 21:29:41
361,Keiko,Dennis,1953-12-20 11:09:34
362,Herman,Carpenter,1981-09-03 19:11:02
363,Cecilia,Oneal,1979-04-02 05:09:03
364,Gwendolyn,Alford,1963-11-02 19:49:57
365,Jonas,Pratt,1973-06-02 18:22:15
366,Whitney,Newton,1961-02-01 04:19:55
367,Ralph,Stein,1971-04-23 01:44:55
368,Eve,Frederick,1983-12-04 11:02:57
369,Odysseus,Hess,1982-04-13 19:04:32
370,Mechelle,Richard,1990-02-09 22:49:39
371,Jesse,Torres,1989-06-11 11:23:58
372,Martha,Mclaughlin,1982-06-17 17:24:09
373,Emerald,Haynes,1957-03-07 13:18:33
374,Rigel,Barton,1964-11-13 08:47:17
375,Meredith,Simon,1988-07-29 18:53:04
376,Nevada,Shannon,1980-04-22 14:33:22
377,Casey,Delgado,1957-11-17 17:15:04
378,Xerxes,Herring,1988-01-21 01:20:06
379,Penelope,Blackburn,1959-02-28 14:34:39
380,Rooney,Swanson,1963-09-15 16:47:17
381,Lamar,Ramirez,1964-09-03 08:55:31
382,Linda,Lee,1988-01-19 23:00:53
383,Hanae,Johnson,1952-06-21 01:03:52
384,Zane,Long,1964-11-16 15:41:48
385,Aspen,Potter,1960-10-11 11:53:24
386,Samson,Nicholson,1989-02-12 12:15:16
387,Jael,Stuart,1977-02-10 12:59:27
388,Marny,Summers,1959-02-08 08:38:01
389,Lael,Schwartz,1956-02-06 19:49:59
390,Blythe,Baldwin,1961-08-09 07:09:04
391,Keegan,Pruitt,1976-04-23 19:51:06
392,Nathan,Patterson,1967-01-27 01:04:31
393,Garth,Calderon,1961-04-12 00:28:56
394,Flynn,Winters,1988-09-30 04:04:02
395,Dara,Morrison,1979-12-22 22:26:24
396,Ira,Wilkerson,1973-03-06 19:18:13
397,Angela,Ward,1983-03-13 14:52:49
398,Wilma,Collier,1960-06-20 13:22:48
399,Sandra,Kaufman,1980-04-17 03:54:51
400,Amelia,Osborn,1972-05-09 09:21:22
401,Gemma,Finch,1989-09-25 23:00:59
402,Orli,Slater,1959-03-30 15:54:32
403,Donovan,Beasley,1986-06-18 14:50:30
404,Dacey,Leblanc,1980-05-22 06:13:23
405,Rebekah,Edwards,1961-12-24 14:30:02
406,George,Reeves,1965-12-14 18:49:46
407,Hadley,Landry,1978-12-13 14:29:28
408,Cameran,Acevedo,1957-10-18 19:29:52
409,Ignacia,Medina,1953-03-26 20:13:42
410,Alvin,Johnson,1988-07-24 23:41:50
411,Aurora,Lucas,1966-04-22 05:30:25
412,Gretchen,Norman,1968-12-04 18:40:11
413,Inga,Roy,1959-10-16 07:56:02
414,Aquila,Thomas,1986-02-18 21:28:08
415,Boris,Boyd,1959-01-27 00:42:43
416,Channing,Petersen,1953-01-09 20:16:43
417,Wyoming,Meadows,1960-11-29 13:32:53
418,Veronica,Perkins,1977-08-27 19:25:27
419,David,Davidson,1972-04-08 17:03:55
420,Lillian,Carpenter,1956-12-10 07:16:33
421,Danielle,Luna,1988-11-21 07:00:47
422,Mia,Douglas,1962-02-15 08:04:10
423,Micah,Galloway,1975-05-27 01:19:24
424,Tad,Reynolds,1987-09-10 23:35:17
425,Troy,David,1985-01-26 00:52:19
426,Ila,Ashley,1960-08-27 13:46:59
427,Kelly,Meadows,1965-01-02 10:04:16
428,Walter,Pugh,1980-12-09 20:58:19
429,Lucius,Battle,1983-04-12 20:04:01
430,Florence,Stark,1963-06-19 14:35:06
431,Priscilla,Gregory,1986-10-26 03:49:37
432,Joseph,Dickerson,1985-03-04 05:19:24
433,Kellie,Slater,1979-12-06 20:39:12
434,Hayden,Olson,1963-12-01 07:50:37
435,Xanthus,Raymond,1976-01-21 07:51:13
436,Shannon,Lynn,1967-06-17 18:12:35
437,Kato,Sosa,1987-10-21 10:51:05
438,Molly,Juarez,1959-11-29 09:38:01
439,Hermione,Buchanan,1953-11-20 00:21:29
440,Kevyn,Ellis,1983-08-21 10:46:02
441,Paloma,Riddle,1989-05-21 20:41:46
442,Tiger,Gallegos,1952-05-11 21:51:09
443,Willow,Morgan,1966-04-28 08:55:54
444,Stephen,Smith,1982-11-17 06:17:52
445,Curran,Mueller,1962-07-09 17:40:14
446,Cathleen,Melendez,1969-04-06 05:09:41
447,Vaughan,Cunningham,1970-06-13 15:31:34
448,Grace,Kane,1979-06-01 18:41:44
449,Ebony,Sweet,1980-03-07 20:43:28
450,Scott,Burt,1975-12-15 23:57:49
451,Britanney,Lancaster,1979-07-19 11:46:05
452,Lane,Christensen,1964-09-17 14:14:35
453,Hyacinth,Orr,1959-05-07 03:50:27
454,Cailin,Craig,1975-08-17 16:07:13
455,Craig,Dean,1966-04-01 08:24:21
456,Julian,Lee,1951-08-16 08:28:28
457,Yoko,Burt,1961-02-08 23:25:24
458,Aurora,Zamora,1953-05-31 01:54:22
459,Ulric,Lee,1959-02-09 08:14:41
460,Lucius,Holmes,1978-04-20 00:41:41
461,Eve,Mcconnell,1981-08-08 06:42:09
462,Donovan,Odonnell,1976-06-29 01:18:08
463,Idona,Ortiz,1972-08-14 00:19:55
464,Mona,Cantrell,1970-06-19 17:59:29
465,Dennis,Gregory,1968-11-08 11:54:26
466,Beau,Weaver,1977-07-23 08:10:34
467,Willow,Santos,1989-05-29 21:41:53
468,Alisa,Jarvis,1972-08-31 20:37:09
469,Veronica,Patterson,1984-05-21 06:24:19
470,Martin,Sosa,1959-03-23 17:42:14
471,Clinton,Gaines,1985-10-23 16:49:18
472,Darryl,Madden,1955-11-27 23:50:30
473,Len,Morse,1968-11-15 02:29:27
474,Axel,Malone,1988-08-15 01:13:43
475,Rebecca,Rasmussen,1990-09-14 08:46:56
476,McKenzie,Acosta,1972-04-02 07:24:09
477,Russell,Sampson,1980-03-17 13:48:11
478,Emi,Cameron,1970-01-25 13:09:55
479,Merritt,Scott,1971-12-20 20:10:02
480,Rafael,Todd,1976-02-09 11:41:17
481,Ronan,Potter,1988-10-13 20:46:47
482,Jerome,Adams,1965-03-23 22:41:29
483,Daryl,Mcintosh,1980-07-01 07:22:08
484,Zoe,Johnson,1965-08-14 15:51:48
485,Cyrus,Fulton,1962-04-26 23:22:33
486,Xaviera,Poole,1977-03-14 07:16:03
487,Alfonso,Kinney,1974-03-27 12:18:08
488,Yolanda,Walls,1985-01-04 23:51:12
489,Uta,Wallace,1981-05-20 12:03:02
490,Alexis,Foster,1967-01-18 09:15:10
491,Sybil,Kim,1983-05-19 02:06:27
492,Nomlanga,Mccormick,1988-02-23 09:59:39
493,Marshall,Bray,1958-08-16 00:34:12
494,Uriah,Cole,1965-02-18 05:15:17
495,Wesley,Stokes,1980-07-15 11:00:43
496,Kennedy,Payne,1956-02-18 10:51:08
497,April,Gibbs,1965-10-14 04:00:45
498,Alec,Mccarthy,1968-10-06 14:55:37
499,Philip,Koch,1967-07-04 22:59:44
500,Reuben,Simmons,1956-09-20 14:09:53
501,Kelly,Ashley,1987-05-13 17:33:16
502,Chadwick,Salazar,1963-05-11 15:00:20
503,Justine,Warren,1980-03-01 08:16:53
504,Elizabeth,Meyer,1960-02-20 09:49:22
505,Elvis,Berger,1968-03-22 14:43:50
506,Miranda,Bird,1986-11-01 16:11:50
507,Leila,Pearson,1982-09-04 03:46:12
508,Willow,Dixon,1969-07-09 06:00:25
509,Jade,Graham,1981-06-04 22:52:11
510,Abigail,Sexton,1968-12-20 02:09:10
511,Quail,Zimmerman,1984-02-13 08:03:55
512,Martena,Bruce,1983-04-30 21:07:32
513,Moses,Boyer,1968-12-02 15:47:14
514,Meghan,Zamora,1961-07-10 06:20:59
515,Whoopi,Battle,1984-11-03 17:24:46
516,Darryl,Mejia,1982-10-31 18:06:13
517,Dorothy,Sawyer,1990-07-19 08:09:59
518,Ashton,Bond,1960-03-03 08:41:54
519,Cassandra,Mcmillan,1957-09-21 19:49:26
520,Martin,Rios,1958-01-03 18:40:39
521,Cedric,Christensen,1976-11-20 10:20:49
522,Marny,Coleman,1966-05-07 18:01:59
523,Ina,Barton,1970-06-03 15:14:48
524,Keiko,Sloan,1981-02-10 21:54:56
525,Reese,Whitehead,1973-05-06 02:38:37
526,Dana,Vang,1958-04-30 13:14:10
527,Nathaniel,Stevens,1963-10-30 07:24:30
528,Lucius,Wells,1961-01-18 12:54:15
529,Glenna,Boyer,1954-03-30 01:12:50
530,Finn,Short,1964-08-30 03:07:19
531,Barrett,Conley,1989-08-09 13:42:20
532,Susan,Vinson,1981-01-24 04:41:58
533,Carly,Riley,1961-11-22 14:55:33
534,Hilel,Dudley,1961-08-26 20:40:45
535,Yvonne,Ashley,1972-03-04 23:55:31
536,Karina,Berg,1961-03-25 04:58:05
537,Shana,Huber,1952-09-30 06:15:40
538,Walter,Benson,1986-05-25 08:46:17
539,Mark,Howe,1985-01-27 14:15:22
540,Hammett,Hammond,1990-04-05 11:31:37
541,Zenaida,Rutledge,1986-02-18 03:00:40
542,Richard,Kinney,1980-04-18 02:50:30
543,Jocelyn,Shepherd,1983-04-22 05:01:28
544,Sacha,Frank,1982-05-16 14:12:38
545,Sloane,Walton,1958-04-22 01:19:28
546,Bree,Cooper,1981-07-11 10:17:47
547,Yoshio,Alvarado,1968-11-27 16:51:55
548,Lamar,Knight,1962-12-26 08:24:23
549,Kirestin,Mayer,1961-03-20 10:17:30
550,Reese,Mayer,1988-08-04 14:04:45
551,Victoria,Reynolds,1972-12-31 19:50:41
552,Unity,Flores,1988-02-16 00:14:21
553,Tatiana,Tanner,1982-04-08 05:56:32
554,Emily,Estes,1963-11-05 20:45:53
555,Brent,Munoz,1986-01-25 18:41:33
556,Jordan,Sanchez,1987-07-20 21:51:53
557,Arthur,Whitaker,1990-04-18 06:31:27
558,Driscoll,Shepard,1980-10-04 03:39:04
559,Deirdre,Berg,1989-06-28 02:37:25
560,Fredericka,Buckley,1987-03-06 11:40:09
561,Katelyn,Cooke,1957-02-06 00:05:35
562,Otto,Rose,1974-05-15 03:45:57
563,Jaime,Zimmerman,1960-04-23 09:31:56
564,Hiroko,Callahan,1972-05-16 17:33:42
565,Allen,Acosta,1968-09-22 09:31:06
566,Taylor,Maldonado,1973-12-05 04:37:36
567,Kareem,Bowen,1968-05-06 06:06:15
568,Jonah,Hayden,1951-05-18 11:04:07
569,Bruno,Dickson,1975-04-26 22:01:38
570,Shelley,Pollard,1987-12-23 23:32:44
571,Baxter,Estrada,1968-02-22 13:21:44
572,Daryl,Olson,1961-04-20 13:07:34
573,Ainsley,Nieves,1962-06-19 19:43:18
574,Allen,Arnold,1970-09-05 03:12:44
575,Wade,Vargas,1969-05-22 06:31:20
576,Palmer,Pate,1985-07-04 11:59:38
577,Lysandra,Foster,1960-10-12 19:26:36
578,Hilary,Jordan,1958-02-18 01:43:44
579,Leah,Douglas,1985-07-02 01:26:30
580,Kim,Graham,1980-08-25 02:27:56
581,Ivor,Stein,1963-07-13 19:36:48
582,Yael,Nicholson,1990-11-13 22:06:23
583,Cynthia,Wilkinson,1952-11-08 03:58:56
584,Lavinia,Alvarez,1981-11-05 20:33:44
585,Raya,Harris,1968-10-15 12:39:30
586,Ivana,Bradshaw,1979-01-20 20:44:58
587,Stephanie,Rosario,1964-04-06 10:30:18
588,Deborah,Madden,1982-02-02 03:13:51
589,Anne,Moses,1985-10-30 01:54:25
590,Beverly,Dunn,1984-02-03 13:01:26
591,Dalton,Mcfadden,1961-11-24 15:17:53
592,Sasha,Erickson,1956-09-19 13:20:38
593,Teegan,Walker,1958-08-07 12:11:07
594,Amelia,Church,1990-08-04 17:44:28
595,Brenna,Cantrell,1953-10-23 02:28:51
596,Jackson,Montoya,1956-10-22 02:02:23
597,Blaze,Horton,1968-12-06 22:22:16
598,Amber,Workman,1972-10-21 04:17:23
599,Azalia,Bradshaw,1982-12-19 10:22:12
600,Zelenia,Henson,1982-07-03 03:28:39
601,Thomas,Mathews,1954-11-21 20:34:03
602,Kevyn,Whitney,1984-09-21 06:24:25
603,Marny,Leon,1984-06-10 21:32:09
604,Jarrod,Gay,1960-06-22 19:11:04
605,Chastity,Wyatt,1975-08-14 20:03:22
606,Remedios,Shannon,1967-10-19 08:11:09
607,Martina,Valenzuela,1989-11-11 01:03:54
608,Ulla,Mcdaniel,1956-05-18 21:36:07
609,Flavia,Chen,1976-01-24 05:26:08
610,Sydnee,Martinez,1979-01-22 22:51:57
611,Adara,Hodges,1954-12-13 15:14:18
612,Martin,Patrick,1965-08-08 08:37:14
613,Carla,Mejia,1983-09-26 12:58:00
614,Alea,Sellers,1957-05-15 20:53:43
615,Maite,Ellison,1989-11-20 15:49:39
616,Alan,Curtis,1972-10-21 20:27:50
617,Kiona,Donaldson,1990-01-25 07:52:54
618,Octavius,Hester,1990-07-19 06:33:08
619,Yvonne,Dudley,1977-12-19 13:42:10
620,Kieran,Vargas,1961-12-30 18:31:18
621,Selma,Lucas,1982-01-23 20:45:45
622,Burton,Barnett,1979-08-08 09:12:57
623,Kaitlin,Malone,1990-05-21 19:26:00
624,Madison,Blackwell,1966-10-16 08:01:05
625,Erich,Browning,1954-08-11 19:58:30
626,Joshua,Mills,1974-04-02 15:36:41
627,Eliana,Downs,1974-01-12 01:10:59
628,Giacomo,Saunders,1960-08-28 11:33:58
629,Donna,Carey,1958-12-14 09:04:20
630,Cedric,Pennington,1990-06-11 10:38:30
631,Xantha,Mckee,1958-09-10 01:35:26
632,Rhona,Strickland,1987-10-05 13:28:12
633,Beverly,Sharp,1987-05-26 08:24:25
634,Cailin,Kim,1975-03-29 20:03:20
635,Tanek,Graves,1967-10-17 00:33:51
636,Quinn,Guthrie,1963-02-23 05:06:59
637,Declan,Church,1963-11-16 20:47:05
638,Lysandra,Cunningham,1964-04-12 21:09:29
639,Allistair,Lawson,1963-04-10 08:24:36
640,Rylee,Haynes,1958-02-04 15:37:42
641,Neve,Myers,1951-02-14 21:46:20
642,Kevin,Deleon,1957-11-29 21:05:31
643,Wallace,Ochoa,1959-10-26 15:42:18
644,Patience,Dawson,1972-07-22 15:45:19
645,Carla,Burch,1963-03-12 03:30:27
646,Fallon,Mcintosh,1960-03-18 10:41:19
647,Stephen,Figueroa,1966-03-28 20:30:22
648,Katell,Sanders,1990-10-23 12:03:41
649,Tyler,Dillard,1957-02-09 04:30:56
650,Kessie,Waller,1975-03-14 08:05:32
651,Stewart,Mason,1982-10-25 13:20:57
652,Kitra,Pittman,1960-01-14 20:50:04
653,Ivor,Gordon,1953-11-12 15:03:03
654,Dane,Le,1956-09-26 04:48:59
655,Silas,Delaney,1950-12-24 19:40:51
656,Avram,Chambers,1989-01-21 18:19:17
657,Joan,Banks,1966-04-24 15:45:29
658,Kennan,Small,1986-08-20 13:24:58
659,Sebastian,Mcintyre,1960-05-25 13:13:42
660,Armand,Moon,1984-05-11 16:17:24
661,Edward,Ortega,1957-08-24 08:23:59
662,Donovan,Burris,1961-07-18 09:00:51
663,Aurora,Velez,1973-05-08 17:00:51
664,Cailin,Ferrell,1959-08-13 10:02:26
665,Cade,Thomas,1984-12-11 21:44:11
666,Shoshana,Le,1957-08-28 11:58:26
667,Maggy,Hartman,1955-08-26 12:26:50
668,Bradley,Talley,1965-12-11 15:08:12
669,Carlos,Gonzales,1963-12-10 17:43:02
670,Julian,Jensen,1982-10-18 09:25:43
671,Colby,Rogers,1990-08-28 13:02:58
672,Allegra,Neal,1988-07-01 04:45:41
673,Melinda,Quinn,1979-02-02 10:07:05
674,Wayne,Mendez,1983-01-20 16:51:30
675,Vivian,Massey,1980-06-17 20:14:24
676,Gary,Berger,1980-08-02 04:40:38
677,Seth,Jensen,1970-12-22 10:36:53
678,Noble,Reese,1959-11-25 21:09:18
679,Yeo,Byrd,1967-09-02 05:38:35
680,Ingrid,Leach,1954-04-08 19:40:11
681,Vaughan,Frazier,1972-08-27 14:23:30
682,Ima,Howe,1955-02-20 09:13:22
683,Kaitlin,Wall,1961-05-08 19:34:37
684,Nichole,Schmidt,1986-12-22 08:49:39
685,Lesley,Roy,1958-07-20 14:58:54
686,Tyler,Pierce,1969-03-06 01:37:51
687,Branden,Carver,1973-02-12 11:55:33
688,Kerry,Miranda,1961-01-07 13:47:56
689,Ariel,Cruz,1973-04-05 16:12:12
690,Thor,Sykes,1976-10-31 01:03:53
691,Quincy,Garza,1985-07-15 15:26:50
692,Whilemina,Cabrera,1978-04-10 12:36:17
693,Zia,Dean,1981-09-09 13:10:15
694,Quemby,Thompson,1958-11-12 15:39:21
695,Francis,Patton,1980-01-03 08:05:23
696,Janna,Moran,1960-06-17 14:14:31
697,Joelle,Craig,1981-02-19 13:01:55
698,Castor,Harrington,1985-04-26 23:04:04
699,Bell,Hunt,1951-11-17 15:34:39
700,Hall,Clarke,1987-01-29 20:34:20
701,Wade,Moore,1970-09-06 06:54:35
702,Jana,Bennett,1978-04-28 13:24:27
703,Winter,Beard,1963-02-17 10:14:24
704,Melanie,Willis,1966-08-08 02:57:33
705,Meghan,Graves,1950-12-23 05:10:24
706,Byron,Flores,1977-03-07 15:01:01
707,Shaeleigh,Schroeder,1978-12-26 07:18:26
708,Noelani,Woods,1981-12-26 04:03:25
709,Kristen,Humphrey,1954-11-13 19:34:57
710,Quon,Franklin,1988-04-05 05:08:30
711,Hedwig,Wiley,1977-09-08 09:55:37
712,Brock,Bishop,1957-11-25 18:08:02
713,Lisandra,Weiss,1979-10-13 10:55:22
714,Reed,Myers,1957-10-27 14:35:26
715,Rhonda,Kent,1979-11-23 06:12:00
716,Moana,Cote,1981-03-13 20:36:07
717,Isadora,Wilson,1980-08-13 00:05:04
718,Sonia,Ramsey,1972-06-20 12:58:06
719,Keegan,Warren,1966-01-10 07:26:51
720,Asher,Bailey,1988-07-17 19:54:19
721,Prescott,Holcomb,1976-12-21 21:05:39
722,Rafael,Watson,1964-02-10 08:11:02
723,Xenos,Dawson,1979-09-14 23:13:47
724,Xaviera,Avila,1965-07-07 07:53:44
725,Latifah,Vincent,1987-07-03 23:04:41
726,Amena,Harrison,1972-06-22 16:31:10
727,Tatiana,Vincent,1958-07-10 17:32:06
728,Jelani,Hansen,1964-12-09 11:46:04
729,Pascale,Blevins,1962-12-20 14:25:00
730,Zeph,Powell,1968-09-06 18:38:24
731,Laith,Guthrie,1961-02-08 03:54:16
732,Bevis,Skinner,1978-09-04 17:54:07
733,Jonah,Mullins,1955-09-30 08:53:09
734,Lynn,Middleton,1990-10-29 04:53:25
735,Tashya,Hanson,1960-08-16 15:36:59
736,Noelani,Bridges,1982-07-13 15:03:24
737,Bruno,Sherman,1985-02-18 21:18:07
738,Risa,Weiss,1975-05-29 04:57:07
739,Stacy,Wynn,1969-11-21 16:53:19
740,Justine,Cantrell,1951-07-01 12:36:51
741,Myra,Suarez,1960-10-23 01:28:50
742,Castor,Ball,1974-07-19 21:04:51
743,Bradley,Hurley,1985-11-13 06:45:48
744,Cameran,Rogers,1985-04-27 20:40:18
745,Helen,Woods,1987-08-29 01:16:02
746,Cooper,Edwards,1971-03-11 16:56:01
747,Alec,Finley,1980-02-08 06:03:12
748,Kylan,Adams,1970-06-05 04:24:52
749,Kelsey,Coffey,1970-03-30 06:52:47
750,Willa,Howard,1987-04-19 03:06:06
751,Shea,Fernandez,1990-08-29 00:59:55
752,Rinah,Christian,1958-09-28 22:49:18
753,Todd,Wolfe,1968-08-10 22:01:56
754,Nora,Wallace,1978-10-10 17:04:18
755,Lewis,Joseph,1964-06-29 14:27:32
756,Charles,Duffy,1961-09-06 08:41:54
757,Grady,Barlow,1978-03-28 04:39:14
758,Petra,Horne,1975-05-07 00:04:57
759,Wesley,Clements,1982-02-12 22:02:15
760,Arsenio,Frost,1979-09-23 23:47:41
761,Wylie,Whitley,1951-06-27 02:01:48
762,Kendall,Baird,1965-09-04 01:04:09
763,Jacob,Cannon,1954-07-26 04:15:06
764,Ciaran,Pierce,1972-04-05 02:59:34
765,Chester,Brock,1966-11-02 04:45:26
766,Lance,Collier,1989-03-13 08:43:45
767,Justin,Terrell,1962-10-21 03:51:38
768,Chancellor,Merrill,1983-08-02 02:09:50
769,Juliet,Conley,1955-01-30 21:06:33
770,Karyn,Humphrey,1985-01-24 10:05:14
771,Scarlett,Stuart,1956-11-14 17:47:28
772,Jakeem,Morrow,1958-03-21 08:22:01
773,Vivian,Harmon,1957-05-29 04:51:14
774,Jolie,Jimenez,1988-08-01 02:44:14
775,Nissim,Graham,1978-03-04 20:23:17
776,Ronan,Sweeney,1951-07-21 15:09:03
777,Ruth,Sellers,1967-07-13 08:07:04
778,Kyra,Dorsey,1952-11-28 06:20:33
779,Meghan,Wiley,1951-07-21 18:17:37
780,Martena,Baird,1986-09-26 13:33:45
781,Julie,Morgan,1972-02-02 03:09:11
782,Leslie,Mcdaniel,1974-07-31 14:52:34
783,Lucius,Wright,1965-05-23 22:09:24
784,Leilani,Blair,1964-03-02 07:00:07
785,Neve,Hyde,1966-03-21 10:15:10
786,Cheyenne,Scott,1966-10-31 16:14:09
787,Daquan,Sheppard,1979-07-02 17:06:04
788,Calista,Brown,1986-08-26 19:33:10
789,Phoebe,Paul,1975-05-27 16:57:14
790,Neve,Porter,1971-09-30 09:10:07
791,Geraldine,Burns,1979-12-06 09:59:13
792,Sophia,Ramsey,1964-06-14 11:38:45
793,Cedric,Miles,1966-11-07 11:15:04
794,Dorian,Murray,1969-09-24 12:54:33
795,Autumn,Patterson,1974-04-04 12:34:39
796,Maxwell,Miles,1972-03-25 09:17:26
797,Reese,Maynard,1987-04-07 13:55:34
798,Sybill,Powers,1953-02-09 13:37:24
799,Lawrence,Lawson,1964-06-30 02:35:35
800,Imogene,Lee,1966-10-19 17:53:44
801,Mira,Franks,1964-03-08 09:47:43
802,Silas,Dixon,1953-04-11 01:37:51
803,Paloma,Daniels,1962-06-14 17:01:02
804,Dillon,Kirby,1984-09-16 01:47:54
805,Jarrod,Morris,1974-12-21 00:36:17
806,Quintessa,Leon,1952-01-05 20:52:57
807,Lucas,Short,1973-07-09 11:31:02
808,Karly,Buck,1986-07-08 10:57:24
809,Jacqueline,Alexander,1983-09-25 08:52:44
810,Brock,Norris,1975-11-13 07:18:26
811,Jaden,Summers,1960-10-12 17:19:12
812,Buffy,Freeman,1976-01-20 02:22:50
813,Reed,Hardy,1986-12-05 12:09:16
814,Olivia,Riddle,1976-06-13 04:16:40
815,Aimee,Beck,1961-11-07 03:37:34
816,Iola,Prince,1960-02-01 19:43:27
817,Camilla,Copeland,1985-11-28 06:36:21
818,Gloria,Berg,1969-12-10 18:14:10
819,Rinah,Brennan,1955-03-03 01:42:06
820,Emery,Aguirre,1953-11-18 14:27:55
821,Desiree,Miller,1979-12-02 16:28:36
822,Pamela,Maxwell,1958-08-05 00:41:19
823,Odessa,Lambert,1951-12-21 19:52:53
824,Tanek,Workman,1958-07-04 09:27:16
825,Gareth,West,1986-01-29 16:13:50
826,Vielka,Browning,1988-07-28 10:27:27
827,September,Norton,1983-11-08 08:01:12
828,Lavinia,Olsen,1986-01-03 06:56:38
829,Stone,Higgins,1970-03-12 02:59:17
830,Lucas,Torres,1981-03-26 22:48:39
831,Yen,Cruz,1958-05-12 20:58:58
832,Nadine,Cannon,1977-03-18 07:53:51
833,Mikayla,Johnson,1957-01-27 14:57:23
834,Logan,Brewer,1974-11-13 10:55:02
835,Ella,Carson,1978-03-16 07:19:04
836,Zia,Gaines,1988-09-13 11:56:17
837,Mason,Mccray,1966-05-05 20:01:29
838,Jeanette,Gill,1970-01-01 07:30:51
839,Dana,Hickman,1987-05-16 03:14:33
840,Barrett,Erickson,1973-05-31 23:04:04
841,Leilani,Kelley,1978-10-31 05:41:47
842,Sade,Boyle,1962-09-12 20:31:15
843,Gillian,Sanchez,1969-11-13 05:41:54
844,Brynne,Gutierrez,1982-08-23 17:12:07
845,Clare,Potter,1959-01-20 20:08:00
846,Flavia,Hobbs,1956-01-22 10:01:00
847,Thaddeus,Osborn,1975-09-19 04:22:56
848,Herrod,Noble,1976-11-13 13:47:20
849,Brendan,Gibbs,1955-06-15 20:21:35
850,Ulla,Campbell,1965-09-11 09:28:38
851,Aiko,Mcguire,1974-12-20 18:12:59
852,Burton,Jordan,1982-09-02 23:53:52
853,Ashely,Morrow,1975-02-22 19:11:48
854,Chaim,Burnett,1971-04-12 16:32:12
855,Anika,Crawford,1956-12-30 10:56:50
856,Leandra,Lamb,1965-03-18 16:40:35
857,Nasim,Powell,1977-11-14 04:30:21
858,Tiger,Green,1965-12-12 08:45:16
859,Summer,Powers,1959-10-10 13:37:21
860,Kevyn,Pace,1952-10-16 00:24:31
861,Brady,Garrison,1984-08-21 08:38:58
862,Brian,Bolton,1967-10-07 07:11:46
863,Kalia,Kidd,1987-06-23 18:24:42
864,Carlos,Downs,1967-02-27 05:28:52
865,Driscoll,Combs,1969-12-06 12:14:56
866,Laith,Gordon,1959-06-13 01:12:34
867,Dale,Mcbride,1978-02-26 08:26:03
868,Hu,Everett,1956-10-31 18:22:08
869,Tyrone,Compton,1986-10-03 22:49:43
870,Tad,Castaneda,1963-04-25 10:49:29
871,Chaim,Hancock,1968-11-17 12:08:35
872,Sage,Wyatt,1979-12-30 15:55:49
873,Cruz,Stafford,1956-12-07 08:33:07
874,Nissim,Hancock,1985-02-11 22:13:18
875,Malcolm,Hatfield,1970-10-12 08:09:57
876,Sebastian,Shepherd,1984-05-26 15:04:01
877,Honorato,Allen,1986-08-14 10:18:13
878,Dorothy,Rose,1976-06-14 07:02:15
879,Quintessa,Lyons,1982-10-05 11:01:17
880,Deacon,Stein,1977-04-27 21:27:02
881,Ian,Franco,1965-07-19 01:33:00
882,Naida,Mayo,1959-07-29 03:34:27
883,Giacomo,Reed,1959-02-07 05:58:51
884,Raven,Thompson,1962-05-09 00:48:07
885,Myra,Martin,1975-11-29 12:33:52
886,Medge,Forbes,1986-11-29 18:48:58
887,Barry,Randall,1951-11-06 23:02:10
888,Alvin,Butler,1957-05-21 23:10:59
889,Aimee,Brooks,1978-04-09 19:52:44
890,Honorato,Nieves,1982-08-08 08:00:32
891,Avye,Kemp,1962-06-28 23:50:47
892,Dane,Boyer,1988-02-17 11:06:37
893,Susan,Glass,1972-04-01 05:00:29
894,Derek,Mitchell,1969-06-02 02:57:14
895,Angela,Parker,1972-09-23 15:03:43
896,Helen,Fuentes,1983-12-07 18:51:28
897,Dieter,Huff,1951-12-19 02:34:52
898,Chase,Oneil,1987-02-02 04:52:14
899,Simone,Bryant,1958-06-22 12:19:53
900,Ocean,Lane,1974-11-25 06:34:08
901,Harriet,Terrell,1977-05-05 10:43:18
902,Eleanor,Duffy,1983-04-02 09:46:20
903,Alika,Adkins,1983-02-02 15:11:40
904,Sigourney,Valencia,1961-06-22 21:12:42
905,Declan,Walsh,1970-12-06 18:14:56
906,Jacob,Miranda,1976-09-03 16:40:53
907,Keaton,Murphy,1970-08-08 14:41:32
908,Keegan,Harding,1974-12-05 09:40:11
909,Hedy,Huber,1954-01-26 11:10:12
910,Reece,Finch,1951-07-17 10:33:01
911,Yuli,Boyle,1964-02-09 10:38:34
912,Caesar,Pena,1958-03-02 14:30:43
913,Carol,Poole,1983-09-26 12:13:57
914,Lois,Hancock,1961-04-28 16:44:39
915,Marvin,Nunez,1980-06-15 16:16:13
916,Justina,Day,1966-09-28 11:09:06
917,Azalia,Buckley,1955-12-10 13:22:22
918,Devin,Kelley,1979-12-07 16:39:22
919,Rose,Nguyen,1958-11-23 06:29:55
920,Shafira,Dickson,1986-07-09 02:30:07
921,Aurora,Melton,1969-12-29 16:25:37
922,Timothy,Cunningham,1969-12-10 11:23:44
923,Winter,Graves,1954-05-29 00:36:53
924,Audra,Gray,1952-12-10 12:05:02
925,Keefe,Simpson,1963-08-13 21:38:05
926,Upton,Branch,1955-05-05 19:51:37
927,Naida,Zimmerman,1963-12-30 20:39:08
928,Brady,Rivera,1973-03-30 03:40:37
929,Eugenia,Knight,1971-10-22 13:09:49
930,MacKenzie,Clayton,1971-06-02 01:16:20
931,Clio,Dodson,1981-03-04 14:32:52
932,Whitney,Witt,1972-10-22 12:21:31
933,Phyllis,Stafford,1961-10-30 15:49:11
934,Robin,Chen,1973-04-29 10:39:16
935,Hasad,Mclaughlin,1961-07-02 17:27:14
936,Len,Fields,1962-01-16 04:12:14
937,Nelle,Hudson,1982-10-05 19:42:16
938,Jacqueline,Mathews,1955-01-01 23:51:20
939,Abigail,Erickson,1963-05-12 19:17:16
940,Hope,Hampton,1956-07-29 04:52:35
941,Adrian,Curtis,1984-11-14 01:32:39
942,Mufutau,Foley,1968-12-18 21:33:08
943,Keelie,Gentry,1959-07-13 03:17:36
944,Tatyana,Dunlap,1962-09-12 18:12:48
945,Yael,Reyes,1952-09-26 15:58:13
946,Tobias,Atkinson,1961-11-25 21:26:06
947,Scarlet,Greene,1972-08-19 07:24:50
948,Uriel,Navarro,1989-07-31 21:17:23
949,Amity,Wilder,1961-08-03 20:29:53
950,Jared,Hartman,1984-07-13 10:55:46
951,Isaac,Bailey,1970-08-13 02:27:25
952,Sonya,Sampson,1979-12-12 04:41:23
953,Rebekah,Weeks,1963-02-20 07:48:16
954,Reagan,Bowers,1967-02-03 20:51:00
955,Joshua,Head,1953-05-07 20:18:59
956,Brenda,Chang,1972-09-30 00:58:25
957,Steel,Burris,1983-09-08 19:25:53
958,Chandler,Herman,1957-03-02 05:19:39
959,Cameron,Little,1990-12-05 06:58:11
960,Halee,Copeland,1976-07-03 02:38:55
961,Connor,Cardenas,1985-12-09 13:11:35
962,Alana,Ratliff,1974-02-07 12:12:45
963,Maisie,Dunlap,1958-08-08 23:22:08
964,Rhonda,Vargas,1983-04-11 11:58:13
965,Connor,Richard,1983-06-06 06:08:28
966,Courtney,Chavez,1984-01-31 16:12:57
967,Holmes,Graham,1958-02-02 11:51:57
968,Vielka,Chandler,1982-02-18 17:50:27
969,Gail,Marks,1986-07-11 12:27:21
970,Cole,Valentine,1973-06-11 06:21:29
971,Kibo,Small,1974-10-21 05:44:24
972,Ashton,Short,1977-12-04 13:05:08
973,Stone,White,1980-05-23 02:01:23
974,Hilda,Vazquez,1987-11-10 20:25:27
975,Phoebe,Norris,1958-03-04 10:41:58
976,Aileen,Morin,1979-06-11 19:50:58
977,Luke,Chase,1974-09-10 11:47:55
978,Faith,Barry,1959-10-13 01:47:40
979,Myra,Bradshaw,1965-02-09 23:47:12
980,Julie,Herrera,1960-12-13 01:18:35
981,Selma,Bell,1962-08-08 16:03:18
982,Harlan,Strickland,1971-07-01 10:52:40
983,Kimberly,Marshall,1952-10-22 14:05:30
984,Amir,Myers,1978-01-25 07:43:42
985,Noelani,Ward,1990-08-23 05:58:53
986,Morgan,Castillo,1978-05-31 22:05:58
987,Caldwell,Noble,1968-07-14 04:40:47
988,Blaine,Perkins,1972-09-09 03:39:06
989,Mechelle,Delgado,1965-03-01 13:45:38
990,Tana,Barron,1975-10-26 07:42:45
991,Katelyn,Mosley,1965-07-16 18:18:55
992,Britanni,Monroe,1982-06-01 06:14:20
993,Knox,Medina,1980-08-28 20:42:10
994,Kathleen,Wheeler,1983-12-31 16:31:06
995,Shellie,Mccarty,1966-04-04 06:48:28
996,Kitra,Mckenzie,1971-02-09 19:54:17
997,Sheila,Harmon,1967-03-16 12:30:21
998,MacKensie,Underwood,1954-06-16 13:13:43
999,Indigo,Carter,1959-04-05 10:27:29
1000,Raphael,Owens,1960-01-12 20:52:36